section,y_metric,period,minute,roll_A
ols_line_angle,distance_m,1,0.45935345,
ols_line_angle,distance_m,1,1.5337612,
ols_line_angle,distance_m,1,1.6922530166666665,
ols_line_angle,distance_m,1,4.502841383333333,
ols_line_angle,distance_m,1,7.509737166666667,0.479880923674313
ols_line_angle,distance_m,1,9.4227613,0.4806174398197965
ols_line_angle,distance_m,1,10.205766533333334,0.4446753280220643
ols_line_angle,distance_m,1,11.072188516666667,0.4195951082580741
ols_line_angle,distance_m,1,11.434773316666668,0.5306301505030031
ols_line_angle,distance_m,1,11.976426083333331,0.5663728503989965
ols_line_angle,distance_m,1,14.802029466666664,0.6822711926612693
ols_line_angle,distance_m,1,15.008903,0.6591446289797821
ols_line_angle,distance_m,1,16.692253016666665,0.6131357821231328
ols_line_angle,distance_m,1,17.19442185,0.6175427816957664
ols_line_angle,distance_m,1,18.97175475,0.5478016396679416
ols_line_angle,distance_m,1,19.199204416666664,0.5914534563212885
ols_line_angle,distance_m,1,21.86854041666667,0.4582882459526577
ols_line_angle,distance_m,1,24.68246545,0.5995788605404712
ols_line_angle,distance_m,1,26.144483033333334,0.6054946067798669
ols_line_angle,distance_m,1,27.108780666666668,0.6735974652645853
ols_line_angle,distance_m,1,29.319324533333333,0.6714400596096907
ols_line_angle,distance_m,1,31.781787,0.72642327614424
ols_line_angle,distance_m,1,32.04482781666667,0.6259901319612484
ols_line_angle,distance_m,1,36.75954253333334,0.5368273761521237
ols_line_angle,distance_m,1,43.35725135,0.4963476520668217
ols_line_angle,distance_m,1,43.56801766666667,0.4971781122688787
ols_line_angle,distance_m,1,46.702819133333335,0.4986227378254108
ols_line_angle,distance_m,2,45.301419583333335,
ols_line_angle,distance_m,2,46.00601306666667,
ols_line_angle,distance_m,2,47.53031515,
ols_line_angle,distance_m,2,48.65532905,
ols_line_angle,distance_m,2,49.6919212,0.781140486021093
ols_line_angle,distance_m,2,50.32811295,0.5699511840181064
ols_line_angle,distance_m,2,51.228457733333336,0.564036344384288
ols_line_angle,distance_m,2,52.682133633333336,0.3459877980322053
ols_line_angle,distance_m,2,54.4105287,0.3134453276785945
ols_line_angle,distance_m,2,54.523419366666666,0.2714633938283581
ols_line_angle,distance_m,2,57.87009938333333,0.3699139527538861
ols_line_angle,distance_m,2,59.228124066666666,0.3818782448114498
ols_line_angle,distance_m,2,59.54844438333334,0.3698741981817028
ols_line_angle,distance_m,2,61.11779151666666,0.3831380556268486
ols_line_angle,distance_m,2,61.3174356,0.445424201683218
ols_line_angle,distance_m,2,65.89256628333334,0.4431580587379002
ols_line_angle,distance_m,2,66.3936229,0.4665480080850551
ols_line_angle,distance_m,2,67.69214365,0.4659789177250674
ols_line_angle,distance_m,2,70.35647463333333,0.4855590160266221
ols_line_angle,distance_m,2,70.98988583333333,0.4954527908251039
ols_line_angle,distance_m,2,71.67334706666666,0.494167907410987
ols_line_angle,distance_m,2,71.85352725,0.5546514141940634
ols_line_angle,distance_m,2,72.60983911666668,0.5384179562645813
ols_line_angle,distance_m,2,73.53910171666666,0.5351787573925517
ols_line_angle,distance_m,2,73.71872578333334,0.4731573719139427
ols_line_angle,distance_m,2,78.57524896666668,0.4243567452579643
ols_line_angle,distance_m,2,79.04293888333333,0.4195902215586993
ols_line_angle,distance_m,2,81.19286658333334,0.4049250661101379
ols_line_angle,distance_m,2,82.23390763333333,0.3927040132364092
ols_line_angle,distance_m,2,83.15983355,0.4063927656531182
ols_line_angle,distance_m,2,85.49383421666667,0.4201621652798918
ols_line_angle,distance_m,2,86.41141846666666,0.3973306007691634
ols_line_angle,distance_m,2,89.75921071666667,0.3390183055442465
ols_line_angle,distance_m,2,90.98098805,0.3530716791151418
ols_line_angle,distance_m,2,91.36859788333332,0.33567064900102
ols_line_angle,distance_m,2,92.47136731666666,0.3175932451644828
ols_line_angle,distance_m,2,95.37593855,0.3300224834682208
ols_line_angle,peak_speed,1,0.45935345,
ols_line_angle,peak_speed,1,1.5337612,
ols_line_angle,peak_speed,1,1.6922530166666665,
ols_line_angle,peak_speed,1,4.502841383333333,
ols_line_angle,peak_speed,1,7.509737166666667,0.6161133961353314
ols_line_angle,peak_speed,1,9.4227613,0.6120428366173118
ols_line_angle,peak_speed,1,10.205766533333334,0.6020101253328266
ols_line_angle,peak_speed,1,11.072188516666667,0.5949985436939772
ols_line_angle,peak_speed,1,11.434773316666668,0.5835791087356531
ols_line_angle,peak_speed,1,11.976426083333331,0.6521691296031932
ols_line_angle,peak_speed,1,14.802029466666664,0.4898617453297091
ols_line_angle,peak_speed,1,15.008903,0.4672230933402224
ols_line_angle,peak_speed,1,16.692253016666665,0.4530240928028296
ols_line_angle,peak_speed,1,17.19442185,0.4490166697481005
ols_line_angle,peak_speed,1,18.97175475,0.450952600231348
ols_line_angle,peak_speed,1,19.199204416666664,0.4610885062418721
ols_line_angle,peak_speed,1,21.86854041666667,0.4463747712270114
ols_line_angle,peak_speed,1,24.68246545,0.5154240275852733
ols_line_angle,peak_speed,1,26.144483033333334,0.5179116910713759
ols_line_angle,peak_speed,1,27.108780666666668,0.5561235802420905
ols_line_angle,peak_speed,1,29.319324533333333,0.56031027387146
ols_line_angle,peak_speed,1,31.781787,0.5719295920921774
ols_line_angle,peak_speed,1,32.04482781666667,0.5193392456155084
ols_line_angle,peak_speed,1,36.75954253333334,0.495939665707917
ols_line_angle,peak_speed,1,43.35725135,0.4862521001491743
ols_line_angle,peak_speed,1,43.56801766666667,0.4840329665644799
ols_line_angle,peak_speed,1,46.702819133333335,0.4852458048435219
ols_line_angle,peak_speed,2,45.301419583333335,
ols_line_angle,peak_speed,2,46.00601306666667,
ols_line_angle,peak_speed,2,47.53031515,
ols_line_angle,peak_speed,2,48.65532905,
ols_line_angle,peak_speed,2,49.6919212,0.6264851296866722
ols_line_angle,peak_speed,2,50.32811295,0.5742624448569624
ols_line_angle,peak_speed,2,51.228457733333336,0.5686157001475103
ols_line_angle,peak_speed,2,52.682133633333336,0.4612552667419964
ols_line_angle,peak_speed,2,54.4105287,0.4689283264091294
ols_line_angle,peak_speed,2,54.523419366666666,0.3638147503272027
ols_line_angle,peak_speed,2,57.87009938333333,0.4287337446502812
ols_line_angle,peak_speed,2,59.228124066666666,0.4190827169425784
ols_line_angle,peak_speed,2,59.54844438333334,0.3459104468616945
ols_line_angle,peak_speed,2,61.11779151666666,0.347920689000943
ols_line_angle,peak_speed,2,61.3174356,0.409805905350798
ols_line_angle,peak_speed,2,65.89256628333334,0.4424981403240561
ols_line_angle,peak_speed,2,66.3936229,0.4607223158319474
ols_line_angle,peak_speed,2,67.69214365,0.4617234055674035
ols_line_angle,peak_speed,2,70.35647463333333,0.5150005407400854
ols_line_angle,peak_speed,2,70.98988583333333,0.5131680780163268
ols_line_angle,peak_speed,2,71.67334706666666,0.5100878848605818
ols_line_angle,peak_speed,2,71.85352725,0.5282174027357415
ols_line_angle,peak_speed,2,72.60983911666668,0.5415598969607542
ols_line_angle,peak_speed,2,73.53910171666666,0.5492694827092858
ols_line_angle,peak_speed,2,73.71872578333334,0.219813024744689
ols_line_angle,peak_speed,2,78.57524896666668,0.454426514647805
ols_line_angle,peak_speed,2,79.04293888333333,0.4526601295285473
ols_line_angle,peak_speed,2,81.19286658333334,0.4388110246826405
ols_line_angle,peak_speed,2,82.23390763333333,0.4292765084424293
ols_line_angle,peak_speed,2,83.15983355,0.4303833370415258
ols_line_angle,peak_speed,2,85.49383421666667,0.4676311803173596
ols_line_angle,peak_speed,2,86.41141846666666,0.4362050260891286
ols_line_angle,peak_speed,2,89.75921071666667,0.4383916791987723
ols_line_angle,peak_speed,2,90.98098805,0.4533358306160201
ols_line_angle,peak_speed,2,91.36859788333332,0.4591417266251212
ols_line_angle,peak_speed,2,92.47136731666666,0.4364763872403027
ols_line_angle,peak_speed,2,95.37593855,0.4302253965207336
