section,half,period,t_min,window_start_min,window_end_min,n,P,w,Q,C
pass_shot_quality_w5,p1,1,2.5,0.0,5.0,2,1.0,0.0,,1.0
pass_shot_quality_w5,p1,1,3.5,1.0,6.0,4,1.0,0.0,,1.0
pass_shot_quality_w5,p1,1,4.5,2.0,7.0,4,1.0,0.0,,1.0
pass_shot_quality_w5,p1,1,5.5,3.0,8.0,5,1.0,0.0,,1.0
pass_shot_quality_w5,p1,1,6.5,4.0,9.0,5,1.0,0.0,,1.0
pass_shot_quality_w5,p1,1,7.5,5.0,10.0,3,1.0,0.0,,1.0
pass_shot_quality_w5,p1,1,8.5,6.0,11.0,1,,0.0,,
pass_shot_quality_w5,p1,1,9.5,7.0,12.0,5,1.0,0.0,,1.0
pass_shot_quality_w5,p1,1,10.5,8.0,13.0,4,1.0,0.0,,1.0
pass_shot_quality_w5,p1,1,11.5,9.0,14.0,4,1.0,0.0,,1.0
pass_shot_quality_w5,p1,1,12.5,10.0,15.0,6,0.8333333333333334,0.0,,0.8333333333333334
pass_shot_quality_w5,p1,1,13.5,11.0,16.0,6,0.8333333333333334,0.0,,0.8333333333333334
pass_shot_quality_w5,p1,1,14.5,12.0,17.0,2,0.5,0.0,,0.5
pass_shot_quality_w5,p1,1,15.5,13.0,18.0,2,0.5,0.0,,0.5
pass_shot_quality_w5,p1,1,16.5,14.0,19.0,3,0.6666666666666666,0.0,,0.6666666666666666
pass_shot_quality_w5,p1,1,17.5,15.0,20.0,1,,0.0,,
pass_shot_quality_w5,p1,1,18.5,16.0,21.0,1,,0.0,,
pass_shot_quality_w5,p1,1,19.5,17.0,22.0,1,,0.0,,
pass_shot_quality_w5,p1,1,20.5,18.0,23.0,1,,0.0,,
pass_shot_quality_w5,p1,1,21.5,19.0,24.0,0,,0.0,,
pass_shot_quality_w5,p1,1,22.5,20.0,25.0,4,1.0,0.0,,1.0
pass_shot_quality_w5,p1,1,23.5,21.0,26.0,4,1.0,0.0,,1.0
pass_shot_quality_w5,p1,1,24.5,22.0,27.0,8,1.0,0.0,,1.0
pass_shot_quality_w5,p1,1,25.5,23.0,28.0,9,1.0,0.0,,1.0
pass_shot_quality_w5,p1,1,26.5,24.0,29.0,9,1.0,0.0,,1.0
pass_shot_quality_w5,p1,1,27.5,25.0,30.0,5,1.0,0.0,,1.0
pass_shot_quality_w5,p1,1,28.5,26.0,31.0,5,1.0,0.0,,1.0
pass_shot_quality_w5,p1,1,29.5,27.0,32.0,1,,0.0,,
pass_shot_quality_w5,p1,1,30.5,28.0,33.0,0,,0.0,,
pass_shot_quality_w5,p1,1,31.5,29.0,34.0,1,,0.0,,
pass_shot_quality_w5,p1,1,32.5,30.0,35.0,1,,0.0,,
pass_shot_quality_w5,p1,1,33.5,31.0,36.0,1,,0.0,,
pass_shot_quality_w5,p1,1,34.5,32.0,37.0,1,,0.0,,
pass_shot_quality_w5,p1,1,35.5,33.0,38.0,1,,0.0,,
pass_shot_quality_w5,p2,2,47.5,45.0,50.0,5,0.8,0.0,,0.8
pass_shot_quality_w5,p2,2,48.5,46.0,51.0,5,0.8,0.0,,0.8
pass_shot_quality_w5,p2,2,49.5,47.0,52.0,11,0.9090909090909091,0.0,,0.9090909090909091
pass_shot_quality_w5,p2,2,50.5,48.0,53.0,9,0.8888888888888888,0.0,,0.8888888888888888
pass_shot_quality_w5,p2,2,51.5,49.0,54.0,8,1.0,0.0,,1.0
pass_shot_quality_w5,p2,2,52.5,50.0,55.0,6,1.0,0.0,,1.0
pass_shot_quality_w5,p2,2,53.5,51.0,56.0,12,1.0,0.0,,1.0
pass_shot_quality_w5,p2,2,54.5,52.0,57.0,6,1.0,0.0,,1.0
pass_shot_quality_w5,p2,2,55.5,53.0,58.0,13,0.9230769230769231,0.0,,0.9230769230769231
pass_shot_quality_w5,p2,2,56.5,54.0,59.0,13,0.9230769230769231,0.0,,0.9230769230769231
pass_shot_quality_w5,p2,2,57.5,55.0,60.0,13,0.9230769230769231,0.0,,0.9230769230769231
pass_shot_quality_w5,p2,2,58.5,56.0,61.0,7,0.8571428571428571,0.0,,0.8571428571428571
pass_shot_quality_w5,p2,2,59.5,57.0,62.0,8,0.875,0.0,,0.875
pass_shot_quality_w5,p2,2,60.5,58.0,63.0,7,1.0,0.0,,1.0
pass_shot_quality_w5,p2,2,61.5,59.0,64.0,7,1.0,0.0,,1.0
pass_shot_quality_w5,p2,2,62.5,60.0,65.0,9,1.0,0.0,,1.0
pass_shot_quality_w5,p2,2,63.5,61.0,66.0,9,1.0,0.0,,1.0
pass_shot_quality_w5,p2,2,64.5,62.0,67.0,8,1.0,0.0,,1.0
pass_shot_quality_w5,p2,2,65.5,63.0,68.0,2,1.0,0.0,,1.0
pass_shot_quality_w5,p2,2,66.5,64.0,69.0,2,1.0,0.0,,1.0
pass_shot_quality_w5,p2,2,67.5,65.0,70.0,0,,0.0,,
pass_shot_quality_w5,p2,2,68.5,66.0,71.0,4,0.75,0.0,,0.75
pass_shot_quality_w5,p2,2,69.5,67.0,72.0,6,0.8333333333333334,0.0,,0.8333333333333334
pass_shot_quality_w5,p2,2,70.5,68.0,73.0,6,0.8333333333333334,0.0,,0.8333333333333334
pass_shot_quality_w5,p2,2,71.5,69.0,74.0,6,0.8333333333333334,0.0,,0.8333333333333334
pass_shot_quality_w5,p2,2,72.5,70.0,75.0,8,0.875,0.0,,0.875
pass_shot_quality_w5,p2,2,73.5,71.0,76.0,4,1.0,0.0,,1.0
pass_shot_quality_w5,p2,2,74.5,72.0,77.0,4,1.0,0.0,,1.0
pass_shot_quality_w5,p2,2,75.5,73.0,78.0,6,1.0,0.0,,1.0
pass_shot_quality_w5,p2,2,76.5,74.0,79.0,6,1.0,0.0,,1.0
pass_shot_quality_w5,p2,2,77.5,75.0,80.0,6,1.0,0.0,,1.0
pass_shot_quality_w5,p2,2,78.5,76.0,81.0,8,1.0,0.0,,1.0
pass_shot_quality_w5,p2,2,79.5,77.0,82.0,7,1.0,0.0,,1.0
pass_shot_quality_w5,p2,2,80.5,78.0,83.0,6,1.0,0.0,,1.0
pass_shot_quality_w5,p2,2,81.5,79.0,84.0,6,1.0,0.0,,1.0
pass_shot_quality_w5,p2,2,82.5,80.0,85.0,4,1.0,0.0,,1.0
pass_shot_quality_w5,p2,2,83.5,81.0,86.0,4,1.0,0.0,,1.0
pass_shot_quality_w5,p2,2,84.5,82.0,87.0,5,1.0,0.0,,1.0
pass_shot_quality_w5,p2,2,85.5,83.0,88.0,6,1.0,0.0,,1.0
pass_shot_quality_w5,p2,2,86.5,84.0,89.0,7,1.0,0.0,,1.0
pass_shot_quality_w5,p2,2,87.5,85.0,90.0,10,1.0,0.0,,1.0
pass_shot_quality_w5,p2,2,88.5,86.0,91.0,8,1.0,0.0,,1.0
pass_shot_quality_w5,p2,2,89.5,87.0,92.0,8,1.0,0.0,,1.0
pass_shot_quality_w5,p2,2,90.5,88.0,93.0,8,1.0,0.0,,1.0
pass_shot_quality_w5,p2,2,91.5,89.0,94.0,9,1.0,0.0,,1.0
pass_shot_quality_w5,p2,2,92.5,90.0,95.0,8,0.875,0.0,,0.875
pass_shot_quality_w5,p2,2,93.5,91.0,96.0,10,0.9,0.0,,0.9
pass_shot_quality_w5,p2,2,94.5,92.0,97.0,8,0.875,0.0,,0.875
pass_shot_quality_w5,p2,2,95.5,93.0,98.0,6,0.8333333333333334,0.0,,0.8333333333333334
pass_shot_quality_w5,p2,2,96.5,94.0,99.0,4,0.75,0.0,,0.75
pass_shot_quality_w5,p2,2,97.5,95.0,100.0,2,1.0,0.0,,1.0
