section,period,minute,m,m_w1,m_w3,m_w5,m_w10
pc_synergy_80_1450_timewin,1,0.5,0.7246979637676505,0.6447531498894687,0.6147833290741612,0.6147833290741612,0.5184588811993409
pc_synergy_80_1450_timewin,1,0.5833333333333334,0.694504497149275,0.6447531498894687,0.6147833290741612,0.6147833290741612,0.5184588811993409
pc_synergy_80_1450_timewin,1,0.8333333333333334,0.5150569887514809,0.6447531498894687,0.6147833290741612,0.5632063123090226,0.5184588811993409
pc_synergy_80_1450_timewin,1,1.5,0.4891150452364235,0.5997984186665074,0.6147833290741612,0.5184588811993409,0.5184588811993409
pc_synergy_80_1450_timewin,1,1.5666666666666669,0.5091808904217816,0.5997984186665074,0.6147833290741612,0.5184588811993409,0.5184588811993409
pc_synergy_80_1450_timewin,1,1.5666666666666669,0.5086196529265725,0.5997984186665074,0.6147833290741612,0.5184588811993409,0.5184588811993409
pc_synergy_80_1450_timewin,1,1.8666666666666667,0.7932568587406764,0.5997984186665074,0.5632063123090226,0.5184588811993409,0.5184588811993409
pc_synergy_80_1450_timewin,1,1.9166666666666667,0.5556740472575346,0.5997984186665074,0.5632063123090226,0.5184588811993409,0.5184588811993409
pc_synergy_80_1450_timewin,1,1.9166666666666667,0.7429440174160561,0.5997984186665074,0.5632063123090226,0.5184588811993409,0.5184588811993409
pc_synergy_80_1450_timewin,1,3.2666666666666666,0.2225249699876514,0.4084752620136068,0.48842054019414666,0.4929732346314581,0.5194800047846702
pc_synergy_80_1450_timewin,1,3.333333333333333,0.4891682880001342,0.3612888466012162,0.48842054019414666,0.4929732346314581,0.5194800047846702
pc_synergy_80_1450_timewin,1,3.333333333333333,0.5137325280530347,0.3612888466012162,0.48842054019414666,0.4929732346314581,0.5194800047846702
pc_synergy_80_1450_timewin,1,3.816666666666667,0.2197296003640443,0.43688943553338494,0.4100938773401682,0.491395823622885,0.5194800047846702
pc_synergy_80_1450_timewin,1,3.866666666666666,0.4847711902860153,0.41106504653610515,0.4100938773401682,0.491395823622885,0.5194800047846702
pc_synergy_80_1450_timewin,1,3.883333333333333,0.5718470116203895,0.41106504653610515,0.4100938773401682,0.491395823622885,0.5194800047846702
pc_synergy_80_1450_timewin,1,3.9,0.4248926263914789,0.41106504653610515,0.4100938773401682,0.491395823622885,0.5194800047846702
pc_synergy_80_1450_timewin,1,3.9,0.3540848040185976,0.41106504653610515,0.4100938773401682,0.491395823622885,0.5194800047846702
pc_synergy_80_1450_timewin,1,7.25,0.5368391057352673,0.5368391057352673,0.5368391057352673,0.5368391057352673,0.46746393481508086
pc_synergy_80_1450_timewin,1,12.25,0.8570492236941956,0.7396004964627365,0.7396004964627365,0.5669875464728577,0.5960767456729953
pc_synergy_80_1450_timewin,1,12.266666666666667,0.8605577537783142,0.7396004964627365,0.7396004964627365,0.5669875464728577,0.6026587056660762
pc_synergy_80_1450_timewin,1,12.366666666666667,0.5011945119156996,0.7396004964627365,0.7396004964627365,0.5965265602360297,0.6026587056660762
pc_synergy_80_1450_timewin,1,14.1,0.1587675903182582,0.30806812148803936,0.5341878102677461,0.6026587056660762,0.6121602779540009
pc_synergy_80_1450_timewin,1,14.15,0.4573686526578205,0.30806812148803936,0.5341878102677461,0.6026587056660762,0.6121602779540009
pc_synergy_80_1450_timewin,1,14.816666666666666,0.7442216290518899,0.6472476546575994,0.5341878102677461,0.5294744819317394,0.6121602779540009
pc_synergy_80_1450_timewin,1,15.15,0.7242817715797116,0.6472476546575994,0.5341878102677461,0.5341878102677461,0.6121602779540009
pc_synergy_80_1450_timewin,1,15.25,0.5496218016782686,0.6472476546575994,0.5341878102677461,0.5341878102677461,0.6121602779540009
pc_synergy_80_1450_timewin,1,15.25,0.5708654163205276,0.6472476546575994,0.5341878102677461,0.5341878102677461,0.6121602779540009
pc_synergy_80_1450_timewin,1,17.9,0.6504553517722402,0.6406649948177746,0.6406649948177746,0.6406649948177746,0.5886022763941892
pc_synergy_80_1450_timewin,1,17.933333333333334,0.6364225067590151,0.6406649948177746,0.6406649948177746,0.6406649948177746,0.5886022763941892
pc_synergy_80_1450_timewin,1,17.933333333333334,0.6351171259220686,0.6406649948177746,0.6406649948177746,0.6406649948177746,0.5886022763941892
pc_synergy_80_1450_timewin,1,21.466666666666665,0.7589009178820916,0.7589009178820916,0.7589009178820916,0.5859641799036196,0.5782259236145346
pc_synergy_80_1450_timewin,1,23.08333333333333,0.4130274419251476,0.4130274419251476,0.41344740353322457,0.49981078212044133,0.48304628552218737
pc_synergy_80_1450_timewin,1,24.03333333333333,0.4391601419594687,0.41365738433726307,0.41344740353322457,0.4862278716452155,0.4750843143055562
pc_synergy_80_1450_timewin,1,24.03333333333333,0.3881546267150575,0.41365738433726307,0.41344740353322457,0.4862278716452155,0.4750843143055562
pc_synergy_80_1450_timewin,1,25.916666666666668,0.7045692759811883,0.7045692759811883,0.47466403722306044,0.462462706645901,0.474474292673573
pc_synergy_80_1450_timewin,1,26.816666666666663,0.2925702836139415,0.44182043168618507,0.47466403722306044,0.45685628460065786,0.4581409265627494
pc_synergy_80_1450_timewin,1,26.83333333333333,0.3989964309539783,0.44182043168618507,0.47466403722306044,0.45685628460065786,0.4581409265627494
pc_synergy_80_1450_timewin,1,26.83333333333333,0.4779427928081535,0.44182043168618507,0.47466403722306044,0.45685628460065786,0.4581409265627494
pc_synergy_80_1450_timewin,1,27.016666666666666,0.5613681286998129,0.44182043168618507,0.47466403722306044,0.45685628460065786,0.4581409265627494
pc_synergy_80_1450_timewin,1,27.066666666666663,0.706015426667177,0.44182043168618507,0.47466403722306044,0.45685628460065786,0.4581409265627494
pc_synergy_80_1450_timewin,1,27.066666666666663,0.4406169047110204,0.44182043168618507,0.47466403722306044,0.45685628460065786,0.4581409265627494
pc_synergy_80_1450_timewin,1,27.066666666666663,0.2152330543492115,0.44182043168618507,0.47466403722306044,0.45685628460065786,0.4581409265627494
pc_synergy_80_1450_timewin,1,28.966666666666665,0.4013798351535296,0.4212407793558528,0.4573303069763443,0.44897883566625857,0.4605153204910442
pc_synergy_80_1450_timewin,1,28.966666666666665,0.4449442510965537,0.4212407793558528,0.4573303069763443,0.44897883566625857,0.4605153204910442
pc_synergy_80_1450_timewin,1,28.966666666666665,0.4833852020670113,0.4212407793558528,0.4573303069763443,0.44897883566625857,0.4605153204910442
pc_synergy_80_1450_timewin,1,29.05,0.3552538291063166,0.4212407793558528,0.4573303069763443,0.4379521897047424,0.4660280188620773
pc_synergy_80_1450_timewin,1,29.85,0.4757572695759872,0.5295093622173273,0.4573303069763443,0.4583515580967589,0.4660280188620773
pc_synergy_80_1450_timewin,1,29.933333333333334,0.5832614548586674,0.5295093622173273,0.4573303069763443,0.4583515580967589,0.4660280188620773
pc_synergy_80_1450_timewin,1,31.55,0.2946057922050332,0.46039406033758823,0.46039406033758823,0.4659091224256226,0.4649435145306521
pc_synergy_80_1450_timewin,1,31.616666666666667,0.493463236956548,0.46039406033758823,0.46039406033758823,0.4880401810894838,0.4649435145306521
pc_synergy_80_1450_timewin,1,31.616666666666667,0.5931131518511836,0.46039406033758823,0.46039406033758823,0.4880401810894838,0.4649435145306521
pc_synergy_80_1450_timewin,1,36.23333333333333,0.3842518609466543,0.5202408114847297,0.5202408114847297,0.46835848781679446,0.4659691595730326
pc_synergy_80_1450_timewin,1,36.28333333333333,0.4538353718018828,0.5202408114847297,0.5202408114847297,0.46835848781679446,0.4659691595730326
pc_synergy_80_1450_timewin,1,36.28333333333333,0.5707920005260403,0.5202408114847297,0.5202408114847297,0.46835848781679446,0.4659691595730326
pc_synergy_80_1450_timewin,1,36.4,0.672084012664341,0.5202408114847297,0.5202408114847297,0.46835848781679446,0.4681229460943287
pc_synergy_80_1450_timewin,1,38.6,0.2407260288403514,0.39918205625954745,0.39918205625954745,0.46835848781679446,0.4928308232485484
pc_synergy_80_1450_timewin,1,38.65,0.4786473619278281,0.39918205625954745,0.39918205625954745,0.46835848781679446,0.4928308232485484
pc_synergy_80_1450_timewin,1,38.65,0.478172778010463,0.39918205625954745,0.39918205625954745,0.46835848781679446,0.4928308232485484
pc_synergy_80_1450_timewin,1,41.38333333333333,0.4896608113072903,0.5163059585189322,0.5213818812522614,0.5213818812522614,0.5014507239055639
pc_synergy_80_1450_timewin,1,41.43333333333333,0.5594884778688223,0.5163059585189322,0.5213818812522614,0.5213818812522614,0.4872312831756658
pc_synergy_80_1450_timewin,1,41.8,0.4997685863806843,0.5260102693727509,0.5213818812522614,0.5213818812522614,0.4872312831756658
pc_synergy_80_1450_timewin,1,42.18333333333333,0.5564364695823318,0.5197854995843639,0.5213818812522614,0.5213818812522614,0.4872312831756658
pc_synergy_80_1450_timewin,1,42.2,0.5246970017246262,0.5197854995843639,0.5213818812522614,0.5213818812522614,0.4872312831756658
pc_synergy_80_1450_timewin,1,42.48333333333333,0.4982399406498135,0.5264578039855905,0.5213818812522614,0.5213818812522614,0.4872312831756658
pc_synergy_80_1450_timewin,1,45.73333333333333,0.388862646238593,0.5069793139385927,0.5069793139385927,0.5069793139385927,0.47664235326375926
pc_synergy_80_1450_timewin,1,45.766666666666666,0.5194778405342821,0.5069793139385927,0.5069793139385927,0.5069793139385927,0.47664235326375926
pc_synergy_80_1450_timewin,1,45.766666666666666,0.6125974550429032,0.5069793139385927,0.5069793139385927,0.5069793139385927,0.47664235326375926
pc_synergy_80_1450_timewin,1,49.95,0.3193593161764113,0.2969183282860023,0.2969183282860023,0.2969183282860023,0.4229549196775565
pc_synergy_80_1450_timewin,1,50.0,0.2744773403955933,0.2969183282860023,0.2969183282860023,0.2969183282860023,0.4229549196775565
pc_synergy_80_1450_timewin,2,45.266666666666666,0.4187673757958028,0.5155459191296801,0.5305509505586817,0.5195283822167251,0.4919277138489655
pc_synergy_80_1450_timewin,2,45.266666666666666,0.4438118369043572,0.5155459191296801,0.5305509505586817,0.5195283822167251,0.4919277138489655
pc_synergy_80_1450_timewin,2,45.56666666666667,0.6032305228115431,0.5163228779835992,0.5305509505586817,0.5195283822167251,0.4919277138489655
pc_synergy_80_1450_timewin,2,45.65,0.6037468060156179,0.4960561008545687,0.5305509505586817,0.5195283822167251,0.4919277138489655
pc_synergy_80_1450_timewin,2,45.65,0.5081730541210789,0.4960561008545687,0.5305509505586817,0.5195283822167251,0.4919277138489655
pc_synergy_80_1450_timewin,2,46.016666666666666,0.5202076722531955,0.5553662866108322,0.5305509505586817,0.5195283822167251,0.4919277138489655
pc_synergy_80_1450_timewin,2,46.083333333333336,0.3744554380803854,0.5485285385821592,0.5305509505586817,0.5195283822167251,0.4919277138489655
pc_synergy_80_1450_timewin,2,46.21666666666667,0.7507204402707823,0.5455559819876835,0.5450445776803975,0.5195283822167251,0.4919277138489655
pc_synergy_80_1450_timewin,2,46.28333333333333,0.6400790808389623,0.5455559819876835,0.5195283822167251,0.5195283822167251,0.4919277138489655
pc_synergy_80_1450_timewin,2,46.28333333333333,0.442317278495092,0.5455559819876835,0.5195283822167251,0.5195283822167251,0.4919277138489655
pc_synergy_80_1450_timewin,2,47.66666666666666,0.6899808488975553,0.48278648774353655,0.4887167461779407,0.4919277138489655,0.49634598248621215
pc_synergy_80_1450_timewin,2,47.75,0.5140978216615453,0.48278648774353655,0.4559662844163356,0.4919277138489655,0.49634598248621215
pc_synergy_80_1450_timewin,2,47.75,0.244280792671509,0.48278648774353655,0.4559662844163356,0.4919277138489655,0.49634598248621215
pc_synergy_80_1450_timewin,2,48.91666666666666,0.2194351787838684,0.3723248175886736,0.42755565266610507,0.42755565266610507,0.5020707418250802
pc_synergy_80_1450_timewin,2,48.95,0.51457577269747,0.3723248175886736,0.42755565266610507,0.42755565266610507,0.5020707418250802
pc_synergy_80_1450_timewin,2,48.95,0.3829635012846823,0.3723248175886736,0.42755565266610507,0.42755565266610507,0.5020707418250802
pc_synergy_80_1450_timewin,2,51.48333333333333,0.5753221384537917,0.5199100818848611,0.5199100818848611,0.5291188164280525,0.49942187037323926
pc_synergy_80_1450_timewin,2,51.55,0.4929496166065251,0.5199100818848611,0.5199100818848611,0.5291188164280525,0.49942187037323926
pc_synergy_80_1450_timewin,2,51.55,0.4914584905942668,0.5199100818848611,0.5199100818848611,0.5291188164280525,0.49942187037323926
pc_synergy_80_1450_timewin,2,53.7,0.554703821469775,0.5383275509712437,0.5383275509712437,0.5297708415659355,0.5021944341448564
pc_synergy_80_1450_timewin,2,53.73333333333333,0.5209500362889126,0.5383275509712437,0.5057985530656031,0.5297708415659355,0.5021944341448564
pc_synergy_80_1450_timewin,2,53.73333333333333,0.5393287951550436,0.5383275509712437,0.5057985530656031,0.5297708415659355,0.5021944341448564
pc_synergy_80_1450_timewin,2,55.21666666666667,0.408211559348681,0.4281401608630067,0.5280082995197305,0.5302329263489008,0.5281683574560929
pc_synergy_80_1450_timewin,2,55.3,0.2558520060088909,0.4281401608630067,0.5275347181414533,0.5302329263489008,0.5281683574560929
pc_synergy_80_1450_timewin,2,55.35,0.504402353867192,0.4281401608630067,0.5275347181414533,0.5302329263489008,0.5281683574560929
pc_synergy_80_1450_timewin,2,55.38333333333333,0.6175811179473822,0.4281401608630067,0.5275347181414533,0.5302329263489008,0.5281683574560929
pc_synergy_80_1450_timewin,2,55.38333333333333,0.3546537671428873,0.4281401608630067,0.5275347181414533,0.5302329263489008,0.5281683574560929
pc_synergy_80_1450_timewin,2,56.1,0.7820982346150009,0.6517779147395115,0.5275347181414533,0.5302329263489008,0.5159935206889451
pc_synergy_80_1450_timewin,2,56.13333333333333,0.6911907219191615,0.6517779147395115,0.5275347181414533,0.5302329263489008,0.5159935206889451
pc_synergy_80_1450_timewin,2,56.13333333333333,0.6280891225055856,0.6517779147395115,0.5275347181414533,0.5302329263489008,0.5159935206889451
pc_synergy_80_1450_timewin,2,56.3,0.5057335799182977,0.6517779147395115,0.5275347181414533,0.5275347181414533,0.5159935206889451
pc_synergy_80_1450_timewin,2,60.73333333333333,0.3758511826370134,0.4703378828121406,0.4766371659759809,0.4766371659759809,0.5350174155638244
pc_synergy_80_1450_timewin,2,60.75,0.4511507291908226,0.4703378828121406,0.4766371659759809,0.4766371659759809,0.5350174155638244
pc_synergy_80_1450_timewin,2,60.75,0.441221562651406,0.4703378828121406,0.4766371659759809,0.4766371659759809,0.5350174155638244
pc_synergy_80_1450_timewin,2,60.81666666666667,0.6131280567693206,0.4703378828121406,0.4766371659759809,0.4766371659759809,0.5250048760730212
pc_synergy_80_1450_timewin,2,61.78333333333333,0.4033049601330623,0.48293644913982114,0.4766371659759809,0.4766371659759809,0.5064035156788206
pc_synergy_80_1450_timewin,2,61.95,0.5922351932026874,0.48293644913982114,0.4766371659759809,0.4766371659759809,0.5114883014005447
pc_synergy_80_1450_timewin,2,62.0,0.3851295436637928,0.48293644913982114,0.4766371659759809,0.4766371659759809,0.5114883014005447
pc_synergy_80_1450_timewin,2,62.03333333333333,0.5510760995597421,0.48293644913982114,0.4766371659759809,0.4766371659759809,0.5114883014005447
pc_synergy_80_1450_timewin,2,65.8,0.4048544021833826,0.5119800463217655,0.5393692097401958,0.5202962045230328,0.48822635128428715
pc_synergy_80_1450_timewin,2,65.83333333333333,0.5047006581081965,0.5119800463217655,0.5393692097401958,0.5202962045230328,0.4816525773113906
pc_synergy_80_1450_timewin,2,65.83333333333333,0.6263850786737173,0.5119800463217655,0.5393692097401958,0.5202962045230328,0.4816525773113906
pc_synergy_80_1450_timewin,2,66.43333333333334,0.2834173405929394,0.5511074226338086,0.5202962045230328,0.5202962045230328,0.4754024873895582
pc_synergy_80_1450_timewin,2,66.53333333333333,0.7040665976651577,0.5511074226338086,0.5202962045230328,0.5202962045230328,0.4754024873895582
pc_synergy_80_1450_timewin,2,66.55,0.4381270965093838,0.5511074226338086,0.5202962045230328,0.5202962045230328,0.4754024873895582
pc_synergy_80_1450_timewin,2,66.55,0.4161317872106113,0.5511074226338086,0.5202962045230328,0.5202962045230328,0.4754024873895582
pc_synergy_80_1450_timewin,2,66.71666666666667,0.6662599413357786,0.5511074226338086,0.5202962045230328,0.5202962045230328,0.4754024873895582
pc_synergy_80_1450_timewin,2,66.76666666666667,0.7518195364529359,0.5511074226338086,0.5202962045230328,0.5202962045230328,0.4754024873895582
pc_synergy_80_1450_timewin,2,66.81666666666666,0.5979296586698537,0.5511074226338086,0.5202962045230328,0.5202962045230328,0.47867964771939886
pc_synergy_80_1450_timewin,2,67.76666666666667,0.4741390586036468,0.4249311784372187,0.5230682572567886,0.4813102114904758,0.4738163901789765
pc_synergy_80_1450_timewin,2,67.76666666666667,0.3757232982707907,0.4249311784372187,0.5230682572567886,0.4813102114904758,0.4738163901789765
pc_synergy_80_1450_timewin,2,69.45,0.4917009158085056,0.32536623936024794,0.32536623936024794,0.40097992399984395,0.4738163901789765
pc_synergy_80_1450_timewin,2,69.58333333333333,0.4510008402812027,0.32536623936024794,0.32536623936024794,0.40097992399984395,0.4738163901789765
pc_synergy_80_1450_timewin,2,69.6,0.0333969619910355,0.32536623936024794,0.32536623936024794,0.40097992399984395,0.4738163901789765
pc_synergy_80_1450_timewin,2,71.36666666666666,0.4319685058592124,0.44571456026085365,0.44571456026085365,0.3941367084463083,0.4666607046522035
pc_synergy_80_1450_timewin,2,71.36666666666666,0.4286327321014977,0.44571456026085365,0.44571456026085365,0.3941367084463083,0.4666607046522035
pc_synergy_80_1450_timewin,2,71.4,0.5253426068955134,0.44571456026085365,0.44571456026085365,0.3941367084463083,0.4666607046522035
pc_synergy_80_1450_timewin,2,71.41666666666667,0.396914396187191,0.44571456026085365,0.44571456026085365,0.3941367084463083,0.4666607046522035
pc_synergy_80_1450_timewin,2,76.65,0.4548872197037883,0.525930863462043,0.525930863462043,0.525930863462043,0.5425348015477003
pc_synergy_80_1450_timewin,2,76.65,0.64051979780153,0.525930863462043,0.525930863462043,0.525930863462043,0.5425348015477003
pc_synergy_80_1450_timewin,2,76.65,0.5350786168746382,0.525930863462043,0.525930863462043,0.525930863462043,0.5425348015477003
pc_synergy_80_1450_timewin,2,76.75,0.502668252612388,0.525930863462043,0.525930863462043,0.525930863462043,0.5425348015477003
pc_synergy_80_1450_timewin,2,76.75,0.4965004303178706,0.525930863462043,0.525930863462043,0.525930863462043,0.5425348015477003
pc_synergy_80_1450_timewin,2,80.06666666666666,0.5794652090871781,0.5840446467618436,0.5840446467618436,0.5840446467618436,0.5382234325863482
pc_synergy_80_1450_timewin,2,80.06666666666666,0.5886240844365092,0.5840446467618436,0.5840446467618436,0.5840446467618436,0.5382234325863482
pc_synergy_80_1450_timewin,2,82.7,0.5080438498568836,0.5080438498568836,0.5080438498568836,0.5080438498568836,0.6064795668790334
pc_synergy_80_1450_timewin,2,85.73333333333333,0.5199246116313021,0.6423059561931657,0.6423059561931657,0.6423059561931657,0.5930677909688556
pc_synergy_80_1450_timewin,2,85.9,0.9137366268472668,0.6423059561931657,0.6423059561931657,0.6423059561931657,0.5930677909688556
pc_synergy_80_1450_timewin,2,85.95,0.7409591626340217,0.6423059561931657,0.6423059561931657,0.6423059561931657,0.5930677909688556
pc_synergy_80_1450_timewin,2,85.95,0.3946034236600721,0.6423059561931657,0.6423059561931657,0.6423059561931657,0.5930677909688556
pc_synergy_80_1450_timewin,2,88.46666666666667,0.4647571260009827,0.4400677951504399,0.4400677951504399,0.5557582177070995,0.6186667758682758
pc_synergy_80_1450_timewin,2,88.46666666666667,0.4153784642998972,0.4400677951504399,0.4400677951504399,0.5557582177070995,0.6186667758682758
pc_synergy_80_1450_timewin,2,90.35,0.7871390628204189,0.7871390628204189,0.7499873959363317,0.5950275955433858,0.5970756447758683
pc_synergy_80_1450_timewin,2,91.15,0.7128357290522445,0.7128357290522445,0.7499873959363317,0.7499873959363317,0.5669221038310034
pc_synergy_80_1450_timewin,2,94.45,0.4564238898620277,0.5107111204062386,0.5107111204062386,0.5672520720095579,0.5977079593306868
pc_synergy_80_1450_timewin,2,94.5,0.5649983509504495,0.5107111204062386,0.5107111204062386,0.5672520720095579,0.5977079593306868
pc_synergy_80_1450_timewin,2,96.26666666666668,0.5247692853877419,0.5813873099103877,0.5813873099103877,0.5672520720095579,0.5672520720095579
pc_synergy_80_1450_timewin,2,96.3,0.4607966608212536,0.5813873099103877,0.5813873099103877,0.5672520720095579,0.5672520720095579
pc_synergy_80_1450_timewin,2,96.3,0.45830701805269,0.5813873099103877,0.5813873099103877,0.5672520720095579,0.5672520720095579
pc_synergy_80_1450_timewin,2,96.33333333333331,0.6523764416535077,0.5813873099103877,0.5813873099103877,0.5672520720095579,0.5672520720095579
pc_synergy_80_1450_timewin,2,96.35,0.5194296365286025,0.5813873099103877,0.5813873099103877,0.5672520720095579,0.5672520720095579
pc_synergy_80_1450_timewin,2,96.35,0.5749577259401406,0.5813873099103877,0.5813873099103877,0.5672520720095579,0.5672520720095579
pc_synergy_80_1450_timewin,2,96.4,0.7076253924812821,0.5813873099103877,0.5813873099103877,0.5672520720095579,0.5672520720095579
pc_synergy_80_1450_timewin,2,96.43333333333334,0.7528363184178829,0.5813873099103877,0.5813873099103877,0.5672520720095579,0.5672520720095579
