section,minute,phi_roll10,roll10_z
speed_roll10,1.0,0.5155804584554065,0.039064350941859
speed_roll10,2.0,0.5178701937032946,0.0448089231498105
speed_roll10,3.0,0.519588479938468,0.0491207840491474
speed_roll10,4.0,0.5220946391100404,0.0554113901159776
speed_roll10,5.0,0.5244281903692147,0.0612707071553288
speed_roll10,6.0,0.5263599550976281,0.0661227610527904
speed_roll10,7.0,0.5293657911252216,0.0736757214499416
speed_roll10,8.0,0.5318524546860739,0.0799272828961797
speed_roll10,9.0,0.5330751587354084,0.0830023355432738
speed_roll10,10.0,0.534882577738868,0.0875493699268607
speed_roll10,11.0,0.5380552559762618,0.0955355078447641
speed_roll10,12.0,0.5390590562081977,0.098063478573072
speed_roll10,13.0,0.5375627305962876,0.0942953560595384
speed_roll10,14.0,0.532719706374832,0.0821083071895275
speed_roll10,15.0,0.5240218522467378,0.0602502866082043
speed_roll10,16.0,0.5142000406707598,0.0356017427903419
speed_roll10,17.0,0.5022242728047922,0.0055754539889865
speed_roll10,18.0,0.4900513261176866,-0.0249402125350024
speed_roll10,19.0,0.4754655574233347,-0.061537544520363
speed_roll10,20.0,0.4606300703155763,-0.0988465087629622
speed_roll10,21.0,0.4438678708224026,-0.141169877953712
speed_roll10,22.0,0.428111616569507,-0.1811838977778461
speed_roll10,23.0,0.4137667729960127,-0.217865965200864
speed_roll10,24.0,0.4048878795929151,-0.2407153267471159
speed_roll10,25.0,0.4013516621717999,-0.2498500347832991
speed_roll10,26.0,0.4021497447805228,-0.2477866436399838
speed_roll10,27.0,0.4074285855650001,-0.2341646322344629
speed_roll10,28.0,0.415817575660575,-0.2126048972496316
speed_roll10,29.0,0.4296677231992479,-0.1772201784702604
speed_roll10,30.0,0.4441537355350835,-0.140446182491492
speed_roll10,31.0,0.4613780608506335,-0.096962566792995
speed_roll10,32.0,0.4784273646170011,-0.0541009576982245
speed_roll10,33.0,0.4944514486443263,-0.0139086041332453
speed_roll10,34.0,0.5045097267410233,0.0113044493223055
speed_roll10,35.0,0.5083613673435627,0.0209603744758616
speed_roll10,36.0,0.503806079328252,0.0095405707921288
speed_roll10,37.0,0.4928746923922273,-0.0178614471964135
speed_roll10,38.0,0.4716568096590826,-0.0711057155729663
speed_roll10,39.0,0.447202489667802,-0.1327324489818457
speed_roll10,40.0,0.4180337493229559,-0.2069261949218597
speed_roll10,41.0,0.3855762357319145,-0.2908677443856303
speed_roll10,42.0,0.3507645424117738,-0.3832571804115193
speed_roll10,43.0,0.3190826647354359,-0.470265518594655
speed_roll10,44.0,0.2863727919992017,-0.5640125605012555
speed_roll10,45.0,0.2554838212685592,-0.6573317236409885
speed_roll10,46.0,0.2199870233561499,-0.7722370410871713
speed_roll10,47.0,0.2487358350620678,-0.6784732639501826
speed_roll10,48.0,0.2506150193419335,-0.6725556282218131
speed_roll10,49.0,0.259704471807321,-0.6442567696975348
speed_roll10,50.0,0.2635109153856526,-0.6325587513586317
speed_roll10,51.0,0.2634832298569921,-0.6326435212544701
speed_roll10,52.0,0.2640489034840936,-0.6309123948374913
speed_roll10,53.0,0.2656842184456329,-0.6259184429678788
speed_roll10,54.0,0.2681615332494979,-0.6183827492133251
speed_roll10,55.0,0.2683609590185301,-0.6177776501465944
speed_roll10,56.0,0.2742964249429989,-0.5998700410946648
speed_roll10,57.0,0.2704342594477398,-0.6115001502756596
speed_roll10,58.0,0.2718249246405164,-0.6073029977618679
speed_roll10,59.0,0.2720159162227481,-0.6067274042954434
speed_roll10,60.0,0.2705700034121627,-0.6110899892346205
speed_roll10,61.0,0.2700716195020413,-0.6125964003012778
speed_roll10,62.0,0.2739765735154991,-0.6008301101968818
speed_roll10,63.0,0.2778923254463474,-0.5891142260159791
speed_roll10,64.0,0.2819319773580672,-0.5771117686858626
speed_roll10,65.0,0.2872936849391784,-0.5613083212504764
speed_roll10,66.0,0.2916864883132444,-0.5484645319880646
speed_roll10,67.0,0.3022067319318151,-0.5180642190663981
speed_roll10,68.0,0.3118291516868806,-0.4906722119794849
speed_roll10,69.0,0.3205124018623277,-0.4662664312745249
speed_roll10,70.0,0.3331521973882571,-0.4312255267471364
speed_roll10,71.0,0.3497628099805573,-0.3859609090124459
speed_roll10,72.0,0.3606010404387847,-0.3568527004744469
speed_roll10,73.0,0.3706229087990791,-0.3302040093096431
speed_roll10,74.0,0.3791287675495685,-0.3077697577907979
speed_roll10,75.0,0.3877238990105137,-0.2852562896162379
speed_roll10,76.0,0.3973817437709945,-0.2601300130596721
speed_roll10,77.0,0.406321586389155,-0.2370175531275458
speed_roll10,78.0,0.4167144178021837,-0.2103060218837106
speed_roll10,79.0,0.4285263131725766,-0.1801273057101182
speed_roll10,80.0,0.4412065135233434,-0.1479109745399576
speed_roll10,81.0,0.4517873444072173,-0.1211468912510339
speed_roll10,82.0,0.4630408305612251,-0.0927758198300137
speed_roll10,83.0,0.474893141655381,-0.0629751614908315
speed_roll10,84.0,0.4872566434017878,-0.0319482920323903
speed_roll10,85.0,0.5012145741408728,0.0030444905863323
speed_roll10,86.0,0.5156240148226073,0.0391736141339503
speed_roll10,87.0,0.528542680749675,0.0716070385552901
speed_roll10,88.0,0.5382670496536662,0.0960688377298629
speed_roll10,89.0,0.5460120057308939,0.1155918926795729
speed_roll10,90.0,0.5520820451677375,0.1309233921911108
