section,case_id,match_id,player_id,player_name,period,minute,frame_num,V_actual,V_best,best_regret,best_regret_5min,trailing_median_5min,trailing_median_5min_norm,worst_vulnerability_5min,worst_vulnerability_5min_norm
standing_position,case_3820_modric,3820,1687,Luka Modric,1,1.5710154598972774e-05,3275,1.732866644859314,1.7413314580917358,0.0084648132324218,0.0084648132324218,0.0084648132324218,0.5084648132324218,0.0210968255996704,0.41143881413147604
standing_position,case_3820_modric,3820,1687,Luka Modric,1,0.4627006172839505,4107,-1.583773493766785,-1.4639947414398191,0.1197787523269653,0.0641217827796936,0.0641217827796936,0.5641217827796936,0.029402732849121,0.5217215890500958
standing_position,case_3820_modric,3820,1687,Luka Modric,1,2.2689513124235345,7355,-1.0919100046157837,-0.9503288269042968,0.1415811777114868,0.1197787523269653,0.1197787523269653,0.6197787523269653,0.0377086400985717,0.569642927694433
standing_position,case_3820_modric,3820,1687,Luka Modric,1,3.0564054332109887,8771,1.677708864212036,1.6942389011383057,0.0165300369262695,0.0681543946266174,0.0681543946266174,0.5681543946266174,0.029402732849121,0.5217215890500958
standing_position,case_3820_modric,3820,1687,Luka Modric,1,4.42555235791347,11233,-0.4629784226417541,-0.1378631889820099,0.3251152336597442,0.1197787523269653,0.1197787523269653,0.6197787523269653,0.0377086400985717,0.569642927694433
standing_position,case_3820_modric,3820,1687,Luka Modric,1,7.238921282393505,16292,-1.556642770767212,-1.3146193027496338,0.2420234680175781,0.1918023228645324,0.1918023228645324,0.6918023228645324,0.0701379477977752,0.7567454066388877
standing_position,case_3820_modric,3820,1687,Luka Modric,1,7.523650456011567,16804,2.004441261291504,2.043699026107788,0.0392577648162841,0.1406406164169311,0.1406406164169311,0.6406406164169312,0.0356041491031646,0.5575009638323237
standing_position,case_3820_modric,3820,1687,Luka Modric,1,10.349253837170505,21885,-1.0901159048080444,-0.931105375289917,0.1590105295181274,0.1590105295181274,0.1590105295181274,0.6590105295181274,0.0267624855041503,0.5064885526913621
standing_position,case_3820_modric,3820,1687,Luka Modric,1,10.714063090868647,22541,1.392393946647644,1.402040719985962,0.0096467733383178,0.0991341471672058,0.0991341471672058,0.5991341471672058,0.0226621031761169,0.4419654896636377
standing_position,case_3820_modric,3820,1687,Luka Modric,1,11.710615198531864,24333,0.2561970949172973,0.3584992289543152,0.1023021340370178,0.1023021340370178,0.1023021340370178,0.6023021340370178,0.0267624855041503,0.5064885526913621
standing_position,case_3820_modric,3820,1687,Luka Modric,1,13.709836642197754,27928,2.1175875663757324,2.1317780017852783,0.0141904354095458,0.0582462847232818,0.0582462847232818,0.5582462847232817,0.0185313820838928,0.3614064984702369
standing_position,case_3820_modric,3820,1687,Luka Modric,1,14.688593176509844,29688,-1.3107450008392334,-1.1004148721694946,0.2103301286697387,0.1023021340370178,0.1023021340370178,0.6023021340370178,0.0185617208480834,0.3619981773037098
standing_position,case_3820_modric,3820,1687,Luka Modric,1,16.855760343677012,33585,1.5546504259109497,1.5673151016235352,0.0126646757125854,0.0141904354095458,0.0141904354095458,0.5141904354095458,0.0185010433197021,0.36081481963676204
standing_position,case_3820_modric,3820,1687,Luka Modric,1,18.221570598376157,36041,-2.448294162750244,-2.2877132892608643,0.1605808734893798,0.0873856544494628,0.0873856544494628,0.5873856544494628,0.0139682292938232,0.27241404964057486
standing_position,case_3820_modric,3820,1687,Luka Modric,1,22.287859109109107,43353,-1.103090524673462,-0.9948769807815552,0.1082135438919067,0.1343972086906433,0.1343972086906433,0.6343972086906433,0.0146849155426025,0.2863911543433173
standing_position,case_3820_modric,3820,1687,Luka Modric,1,22.43022369591814,43609,2.125519275665283,2.126356363296509,0.0008370876312255,0.1082135438919067,0.1082135438919067,0.6082135438919067,0.0210833549499511,0.41117610407967675
standing_position,case_3820_modric,3820,1687,Luka Modric,1,23.324451256812367,45217,0.967924416065216,1.0532664060592651,0.085341989994049,0.085341989994049,0.085341989994049,0.585341989994049,0.0210833549499511,0.41117610407967675
standing_position,case_3820_modric,3820,1687,Luka Modric,1,24.40998123123123,47169,-0.0338742583990097,0.0966654792428016,0.1305397376418113,0.0967777669429779,0.0967777669429779,0.5967777669429779,0.018486350774765,0.36052827969088563
standing_position,case_3820_modric,3820,1687,Luka Modric,1,26.94195765209654,51722,-1.4493142366409302,-1.4433314800262451,0.005982756614685,0.085341989994049,0.085341989994049,0.585341989994049,0.0210833549499511,0.41117610407967675
standing_position,case_3820_modric,3820,1687,Luka Modric,1,28.886124040707376,55218,1.710240364074707,1.7244136333465576,0.0141732692718505,0.0141732692718505,0.0141732692718505,0.5141732692718505,0.0266776084899902,0.5059988506014482
standing_position,case_3820_modric,3820,1687,Luka Modric,1,30.05173409520632,57314,-1.789246678352356,-1.7759389877319336,0.0133076906204223,0.0133076906204223,0.0133076906204223,0.5133076906204223,0.0266776084899902,0.5059988506014482
standing_position,case_3820_modric,3820,1687,Luka Modric,1,30.69682362918474,58474,1.328667163848877,1.3461885452270508,0.0175213813781738,0.0137404799461364,0.0137404799461364,0.5137404799461364,0.0204414129257202,0.39865669143425747
standing_position,case_3820_modric,3820,1687,Luka Modric,1,32.16996343565788,61123,-1.1329725980758667,-1.1229543685913086,0.0100182294845581,0.0137404799461364,0.0137404799461364,0.5137404799461364,0.0204414129257202,0.39865669143425747
standing_position,case_3820_modric,3820,1687,Luka Modric,1,33.80270729062396,64059,-0.5410779714584351,-0.4927918314933777,0.0482861399650573,0.0141732692718505,0.0141732692718505,0.5141732692718505,0.0142052173614501,0.2770358866580475
standing_position,case_3820_modric,3820,1687,Luka Modric,1,34.20755658436214,64787,1.0289151668548584,1.0954573154449463,0.0665421485900878,0.0175213813781738,0.0175213813781738,0.5175213813781738,0.0142052173614501,0.2770358866580475
standing_position,case_3820_modric,3820,1687,Luka Modric,1,35.82639764764765,67698,0.8461751937866211,0.934258222579956,0.0880830287933349,0.0574141442775726,0.0574141442775726,0.5574141442775726,0.0219539701938629,0.428155194219449
standing_position,case_3820_modric,3820,1687,Luka Modric,1,37.21500848070293,70195,0.9835723042488098,1.051120638847351,0.0675483345985412,0.0670452415943145,0.0670452415943145,0.5670452415943145,0.0193626582622528,0.37761838226404937
standing_position,case_3820_modric,3820,1687,Luka Modric,1,38.85220122900679,73139,-1.680856704711914,-1.6683266162872314,0.0125300884246826,0.0670452415943145,0.0670452415943145,0.5670452415943145,0.0194127261638641,0.3785948267043602
standing_position,case_3820_modric,3820,1687,Luka Modric,1,39.50229576799021,74308,0.2409756183624267,0.3168548345565796,0.0758792161941528,0.071713775396347,0.071713775396347,0.571713775396347,0.0236928239464759,0.4620670224489214
standing_position,case_3820_modric,3820,1687,Luka Modric,1,43.395633550216886,81309,0.3221563398838043,0.3964239656925201,0.0742676258087158,0.0742676258087158,0.0742676258087158,0.5742676258087158,0.0166500806808471,0.3247165986255371
standing_position,case_3820_modric,3820,1687,Luka Modric,1,45.21300647870092,84577,2.227440118789673,2.24053168296814,0.0130915641784667,0.0436795949935913,0.0436795949935913,0.5436795949935913,0.0094403475522995,0.18410947104609762
standing_position,case_3820_modric,3820,1687,Luka Modric,1,45.57336683906128,85225,-1.582025408744812,-1.5531507730484009,0.0288746356964111,0.0288746356964111,0.0288746356964111,0.5288746356964111,0.0145889222621917,0.2845190546157912
standing_position,case_3820_modric,3820,1687,Luka Modric,2,45.575020420420415,93663,-1.5377744436264038,-1.5282598733901978,0.009514570236206,0.009514570236206,0.009514570236206,0.509514570236206,0.0112884044647216,0.2201510234067668
standing_position,case_3820_modric,3820,1687,Luka Modric,2,47.63819470581692,97373,-0.1509483307600021,-0.1287255585193634,0.0222227722406387,0.0158686712384223,0.0158686712384223,0.5158686712384223,0.0230683460831642,0.44988820292375375
standing_position,case_3820_modric,3820,1687,Luka Modric,2,48.49738723167612,98918,1.3545032739639282,1.4029698371887207,0.0484665632247924,0.0222227722406387,0.0222227722406387,0.5222227722406387,0.0112884044647216,0.2201510234067668
standing_position,case_3820_modric,3820,1687,Luka Modric,2,50.64620271382493,102782,-1.934211015701294,-1.7874680757522583,0.1467429399490356,0.0484665632247924,0.0484665632247924,0.5484665632247924,0.0227872133255004,0.4444054383305577
standing_position,case_3820_modric,3820,1687,Luka Modric,2,54.94160923145368,110506,1.4464173316955566,1.4819204807281494,0.0355031490325927,0.0911230444908142,0.0911230444908142,0.5911230444908142,0.0190064311027526,0.3706710963146183
standing_position,case_3820_modric,3820,1687,Luka Modric,2,56.13446875764654,112651,-2.092555284500122,-2.0602877140045166,0.0322675704956054,0.0338853597640991,0.0338853597640991,0.5338853597640991,0.0176197290420532,0.34362707261956776
standing_position,case_3820_modric,3820,1687,Luka Modric,2,60.553332065398735,120597,-1.1954498291015625,-1.1921261548995972,0.0033236742019653,0.0177956223487854,0.0177956223487854,0.5177956223487854,0.0166946649551391,0.32558609915095743
standing_position,case_3820_modric,3820,1687,Luka Modric,2,61.514293026359695,122325,1.6745030879974363,1.6850639581680298,0.0105608701705932,0.0069422721862792,0.0069422721862792,0.5069422721862792,0.009523332118988,0.1857278695842201
standing_position,case_3820_modric,3820,1687,Luka Modric,2,65.04282155488822,128670,0.316773921251297,0.340808093547821,0.024034172296524,0.0105608701705932,0.0105608701705932,0.5105608701705932,0.0133755207061767,0.2608548073614602
standing_position,case_3820_modric,3820,1687,Luka Modric,2,65.5499953953954,129582,-1.4403998851776123,-1.395534873008728,0.0448650121688842,0.0172975212335586,0.0172975212335586,0.5172975212335587,0.0131171941757202,0.2558168190229975
standing_position,case_3820_modric,3820,1687,Luka Modric,2,67.48971289066844,133070,-0.9443317651748656,-0.8667500019073486,0.077581763267517,0.0448650121688842,0.0448650121688842,0.5448650121688842,0.0149804353713989,0.29215450140886956
standing_position,case_3820_modric,3820,1687,Luka Modric,2,67.72995313090868,133502,1.920051336288452,1.922415256500244,0.0023639202117919,0.0344495922327041,0.0344495922327041,0.534449592232704,0.0170969367027282,0.3334313652553158
standing_position,case_3820_modric,3820,1687,Luka Modric,2,69.02013219886553,135822,-0.8089125156402588,-0.7836306691169739,0.0252818465232849,0.0252818465232849,0.0252818465232849,0.5252818465232849,0.0192134380340576,0.3747082291017641
standing_position,case_3820_modric,3820,1687,Luka Modric,2,72.6493169391614,142348,-1.4438087940216064,-1.4091603755950928,0.0346484184265136,0.0252818465232849,0.0252818465232849,0.5252818465232849,0.0231553316116333,0.45158462983456277
standing_position,case_3820_modric,3820,1687,Luka Modric,2,74.82649411633857,146263,-1.4816049337387085,-1.4304654598236084,0.0511394739151001,0.0428939461708068,0.0428939461708068,0.5428939461708068,0.0202074646949768,0.39409413854351705
standing_position,case_3820_modric,3820,1687,Luka Modric,2,77.18496369703035,150504,-1.2828514575958252,-1.1622467041015625,0.1206047534942627,0.0511394739151001,0.0511394739151001,0.5511394739151001,0.0172595977783203,0.3366036472524713
standing_position,case_3820_modric,3820,1687,Luka Modric,2,81.8663117117117,158922,-0.1779362857341766,-0.0400300100445747,0.1379062756896019,0.1292555145919323,0.1292555145919323,0.6292555145919323,0.0627062022686004,0.7138675868503658
standing_position,case_3820_modric,3820,1687,Luka Modric,2,82.39628613057502,159875,1.7341309785842896,1.7542365789413452,0.0201056003570556,0.0790059380233287,0.0790059380233287,0.5790059380233287,0.0592205822467803,0.6937571314317635
standing_position,case_3820_modric,3820,1687,Luka Modric,2,84.41663981759538,163508,0.8275801539421082,0.8920943140983582,0.06451416015625,0.06451416015625,0.06451416015625,0.56451416015625,0.116310179233551,1.0
standing_position,case_3820_modric,3820,1687,Luka Modric,2,85.62228991213436,165676,1.3815114498138428,1.4177840948104858,0.036272644996643,0.0503934025764465,0.0503934025764465,0.5503934025764465,0.0653044879436492,0.7288585232994789
standing_position,case_3820_modric,3820,1687,Luka Modric,2,86.4364373929485,167140,0.8111170530319214,0.8266278505325317,0.0155107975006103,0.036272644996643,0.036272644996643,0.536272644996643,0.0219666361808776,0.4284022114141692
standing_position,case_3820_modric,3820,1687,Luka Modric,2,86.54321083305527,167332,-2.173908233642578,-2.1510086059570312,0.0228996276855468,0.0295861363410949,0.0295861363410949,0.5295861363410949,0.0181327164173126,0.35363155961425785
standing_position,case_3820_modric,3820,1687,Luka Modric,2,88.71482689356023,171237,-1.1851847171783447,-1.1266049146652222,0.0585798025131225,0.036272644996643,0.036272644996643,0.536272644996643,0.0142987966537475,0.2788609078143444
standing_position,case_3820_modric,3820,1687,Luka Modric,2,90.02780653987321,173598,1.3556383848190308,1.4581023454666138,0.102463960647583,0.036272644996643,0.036272644996643,0.536272644996643,0.011777639389038,0.2296922805092375
standing_position,case_3820_modric,3820,1687,Luka Modric,2,91.380270114559,176030,1.2256981134414673,1.3063255548477173,0.08062744140625,0.0585798025131225,0.0585798025131225,0.5585798025131226,0.0100548267364501,0.19609329229166692
standing_position,case_3820_modric,3820,1687,Luka Modric,2,93.88555317539765,180535,-0.7416762113571167,-0.7311000823974609,0.0105761289596557,0.08062744140625,0.08062744140625,0.58062744140625,0.0100548267364501,0.19609329229166692
standing_position,case_3820_modric,3820,1687,Luka Modric,2,94.54843828272718,181727,1.7314311265945437,1.756535530090332,0.0251044034957885,0.0528659224510192,0.0528659224510192,0.5528659224510192,0.0503722131252288,0.6427060324501311
standing_position,case_3820_modric,3820,1687,Luka Modric,2,95.94983968412858,184247,-0.0219015032052993,0.0670428127050399,0.0889443159103393,0.0528659224510192,0.0528659224510192,0.5528659224510192,0.0523711685091257,0.6542391034331932
