section,period,minute,reference,r,ma7,C,N
self_nearest_distance_lead,1,0.5,teammates,-19.843933366396755,-8.330189188184278,-19.843933366396755,0.48346338886133605
self_nearest_distance_lead,1,1.5,teammates,-4.110334150483652,-6.961255802951183,-23.954267516880407,0.48003811040259964
self_nearest_distance_lead,1,2.5,teammates,-7.292657921466173,-6.100458582454489,-31.24692543834658,0.47396089546804454
self_nearest_distance_lead,1,3.5,teammates,-2.073831314390532,-3.8842072969765615,-33.32075675273711,0.4722327027060524
self_nearest_distance_lead,1,4.5,teammates,-1.4855222620188044,-0.9769705828979769,-34.806279014755916,0.4709947674877034
self_nearest_distance_lead,1,5.5,teammates,-1.7964724799710154,-6.245253525445721,-36.60275149472693,0.46949770708772753
self_nearest_distance_lead,1,6.5,teammates,9.413300415891,-5.247682163995273,-27.18945107883593,0.4773421241009701
self_nearest_distance_lead,1,7.5,teammates,0.5067236321533386,-7.796161710707848,-26.68272744668259,0.47776439379443114
self_nearest_distance_lead,1,8.5,teammates,-40.98831474831786,-12.09403014644909,-67.67104219500045,0.4436074648374996
self_nearest_distance_lead,1,9.5,teammates,-0.3096583913130359,-11.426823546882316,-67.98070058631349,0.4433494161780721
self_nearest_distance_lead,1,10.5,teammates,-19.913188141378555,-15.888656957059728,-87.89388872769204,0.42675509272692336
self_nearest_distance_lead,1,11.5,teammates,-31.5706013122075,-20.98066855024634,-119.46449003989954,0.40044625830008374
self_nearest_distance_lead,1,12.5,teammates,2.873973716996403,-19.286055368944485,-116.59051632290314,0.40284123639758074
self_nearest_distance_lead,1,13.5,teammates,-21.819533455350893,-21.572050998714214,-138.41004977825403,0.384658291851455
self_nearest_distance_lead,1,14.5,teammates,-35.13735752015293,-16.86005567002811,-173.54740729840697,0.3553771605846609
self_nearest_distance_lead,1,15.5,teammates,-29.12602247920488,-15.74459927718387,-202.67342977761186,0.3311054751853234
self_nearest_distance_lead,1,16.5,teammates,-16.311627799701128,-16.498127511035555,-218.985057577313,0.3175124520189058
self_nearest_distance_lead,1,17.5,teammates,13.070779159424175,-14.837400009269752,-205.91427841788882,0.32840476798509266
self_nearest_distance_lead,1,18.5,teammates,-23.76240656229784,-7.158979844473158,-229.67668498018668,0.3086027625165111
self_nearest_distance_lead,1,19.5,teammates,-2.400723919965394,-6.889903914109879,-232.07740890015208,0.3066021592498733
self_nearest_distance_lead,1,20.5,teammates,-10.19444094299027,-5.434566759399803,-242.27184984314235,0.29810679179738137
self_nearest_distance_lead,1,21.5,teammates,18.611583633423223,-7.791842525286663,-223.6602662097191,0.3136164448252341
self_nearest_distance_lead,1,22.5,teammates,-27.24249096666192,-4.440592606743979,-250.90275717638104,0.2909143690196825
self_nearest_distance_lead,1,23.5,teammates,-6.1242677167306,-7.363219022841092,-257.0270248931116,0.28581081258907365
self_nearest_distance_lead,1,24.5,teammates,-3.430151201783844,-10.294281236528795,-260.4571760948955,0.2829523532542538
self_nearest_distance_lead,1,25.5,teammates,-0.3036571324990547,-13.558264938701802,-260.7608332273945,0.2826993056438379
self_nearest_distance_lead,1,26.5,teammates,-22.859108832645177,-12.377566663457774,-283.6199420600397,0.26365004828330024
self_nearest_distance_lead,1,27.5,teammates,-30.7118764388042,-14.695842467501686,-314.3318184988439,0.23805681791763006
self_nearest_distance_lead,1,28.5,teammates,-4.236302281787829,-17.510523308357566,-318.5681207806317,0.23452656601614025
self_nearest_distance_lead,1,29.5,teammates,-18.97760303995372,-21.6466776243765,-337.5457238205854,0.21871189681617884
self_nearest_distance_lead,1,30.5,teammates,-22.352198345037976,-20.24201928641927,-359.8979221656234,0.2000850648619805
self_nearest_distance_lead,1,31.5,teammates,-23.132917087775013,-19.763389441379097,-383.0308392533984,0.1808076339555013
self_nearest_distance_lead,1,32.5,teammates,-29.25673734463159,-17.83264620835651,-412.28757659803,0.15642701950164167
self_nearest_distance_lead,1,33.5,teammates,-13.026500466944595,-16.628035760463913,-425.3140770649746,0.14557160244585451
self_nearest_distance_lead,1,34.5,teammates,-27.361467523522947,-18.88962162647547,-452.67554458849753,0.12277037950958539
self_nearest_distance_lead,1,35.5,teammates,9.27890034937026,-16.757035782498253,-443.3966442391273,0.13050279646739393
self_nearest_distance_lead,1,36.5,teammates,-10.545329904705524,-12.922116551750781,-453.9419741438328,0.12171502154680601
self_nearest_distance_lead,1,37.5,teammates,-38.183299407118895,-10.1038817451439,-492.1252735509517,0.08989560537420692
self_nearest_distance_lead,1,38.5,teammates,-8.204816179934468,-5.504012079842622,-500.3300897308862,0.08305825855759484
self_nearest_distance_lead,1,39.5,teammates,-2.4123027293993005,-6.538869920001994,-502.7423924602855,0.08104800628309543
self_nearest_distance_lead,1,40.5,teammates,6.701143179303571,-10.789903877483322,-496.0412492809819,0.08663229226584841
self_nearest_distance_lead,1,41.5,teammates,4.837620133586007,-8.269347344521327,-491.2036291473959,0.0906636423771701
self_nearest_distance_lead,1,42.5,teammates,2.0348954682546534,-8.828620801356653,-489.1687336791412,0.09235938860071566
self_nearest_distance_lead,1,43.5,teammates,-40.30256760707482,-12.12048175821398,-529.471301286216,0.05877391559482002
self_nearest_distance_lead,1,44.5,teammates,-20.539403676384936,-15.257419247800238,-550.0107049626009,0.041657745864499225
self_nearest_distance_lead,1,45.5,teammates,-12.11973037778175,-19.276427124077486,-562.1304353403826,0.03155797054968114
self_nearest_distance_lead,1,46.5,teammates,-25.455329427400585,-24.604257772160523,-587.5857647677832,0.010345196026847343
self_nearest_distance_lead,1,0.5,opponents,-26.271285425168955,-19.31836811879075,-26.271285425168955,0.47810726214569255
self_nearest_distance_lead,1,1.5,opponents,-28.005128758160367,-16.401966518820643,-54.27641418332932,0.4547696548472256
self_nearest_distance_lead,1,2.5,opponents,-15.816273964565127,-12.28554730281708,-70.09268814789445,0.44158942654342126
self_nearest_distance_lead,1,3.5,opponents,-7.1807843272685545,-8.159001455686036,-77.273472475163,0.43560543960403086
self_nearest_distance_lead,1,4.5,opponents,-4.736360118940212,-9.098519874826215,-82.00983259410322,0.43165847283824726
self_nearest_distance_lead,1,5.5,opponents,8.29654877720074,-11.000231896846373,-73.71328381690248,0.4385722634859146
self_nearest_distance_lead,1,6.5,opponents,16.600273627100222,-8.601130007270909,-57.11301018980225,0.45240582484183145
self_nearest_distance_lead,1,7.5,opponents,-32.84791435915021,-9.263673665976176,-89.96092454895246,0.42503256287587293
self_nearest_distance_lead,1,8.5,opponents,-41.31711291230147,-8.915102685843381,-131.27803746125392,0.39060163544895504
self_nearest_distance_lead,1,9.5,opponents,0.9774392624631218,-11.927155162477709,-130.3005981987908,0.3914161681676743
self_nearest_distance_lead,1,10.5,opponents,-11.818589938205434,-17.789357986583536,-142.11918813699623,0.3815673432191698
self_nearest_distance_lead,1,11.5,opponents,-2.2963632580106434,-16.457980798509077,-144.41555139500687,0.3796537071708276
self_nearest_distance_lead,1,12.5,opponents,-12.787818559239554,-13.279050951470667,-157.20336995424643,0.3689971917047946
self_nearest_distance_lead,1,13.5,opponents,-24.435146141640573,-18.428604068345603,-181.63851609588698,0.3486345699200942
self_nearest_distance_lead,1,14.5,opponents,-23.528274042628997,-18.892710541755218,-205.16679013851598,0.32902767488457
self_nearest_distance_lead,1,15.5,opponents,-19.0646039830326,-22.39090918693253,-224.2313941215486,0.3131405048987095
self_nearest_distance_lead,1,16.5,opponents,-35.06943255566141,-22.205344268288524,-259.30082667721,0.28391597776899163
self_nearest_distance_lead,1,17.5,opponents,-15.067335252072766,-19.658180640257253,-274.3681619292828,0.271359865058931
self_nearest_distance_lead,1,18.5,opponents,-26.783753774251792,-16.38203833872142,-301.1519157035346,0.2490400702470545
self_nearest_distance_lead,1,19.5,opponents,-11.48886412873154,-16.27418624418673,-312.64077983226616,0.23946601680644486
self_nearest_distance_lead,1,20.5,opponents,-6.605000745421677,-13.676705903611095,-319.2457805776878,0.2339618495185935
self_nearest_distance_lead,1,21.5,opponents,-0.595277931878158,-9.185162012590856,-319.841058509566,0.23346578457536168
self_nearest_distance_lead,1,22.5,opponents,-18.30963932128978,-4.699359052479919,-338.15069783085573,0.21820775180762023
self_nearest_distance_lead,1,23.5,opponents,-16.887070171631947,-5.901320649822574,-355.03776800248767,0.2041351933312603
self_nearest_distance_lead,1,24.5,opponents,16.373471985068903,-7.703521494515633,-338.6642960174188,0.2177797533188177
self_nearest_distance_lead,1,25.5,opponents,4.616866946524766,-8.492851669429546,-334.04742907089405,0.22162714244092163
self_nearest_distance_lead,1,26.5,opponents,-19.902595310130124,-6.609036755371004,-353.95002438102415,0.20504164634914654
self_nearest_distance_lead,1,27.5,opponents,-19.22040665827309,-6.406148674742362,-373.1704310392972,0.18902464080058565
self_nearest_distance_lead,1,28.5,opponents,-6.120589156275557,-9.177654177402419,-379.2910201955728,0.18392414983702265
self_nearest_distance_lead,1,29.5,opponents,-5.122934922879978,-10.826576007234964,-384.4139551184528,0.17965503740128932
self_nearest_distance_lead,1,30.5,opponents,-15.466853607231457,-11.352611253517297,-399.88080872568423,0.16676599272859646
self_nearest_distance_lead,1,31.5,opponents,-3.0270665335514906,-12.331956105719717,-402.9078752592357,0.16424343728397026
self_nearest_distance_lead,1,32.5,opponents,-6.925585862303052,-6.865316735613801,-409.8334611215388,0.158472115732051
self_nearest_distance_lead,1,33.5,opponents,-23.584842034106455,-10.20719819438948,-433.4183031556452,0.13881808070362897
self_nearest_distance_lead,1,34.5,opponents,-26.075820623690035,-12.568580092837697,-459.49412377933527,0.11708823018388728
self_nearest_distance_lead,1,35.5,opponents,32.145886434465865,-14.62848275931587,-427.3482373448694,0.1438764688792755
self_nearest_distance_lead,1,36.5,opponents,-28.51610513430974,-15.803591849131935,-455.86434247917913,0.12011304793401739
self_nearest_distance_lead,1,37.5,opponents,-31.996526896368977,-13.261474499583311,-487.8608693755481,0.0934492755203766
self_nearest_distance_lead,1,38.5,opponents,-17.446385198898696,-10.455077295527165,-505.3072545744468,0.078910621187961
self_nearest_distance_lead,1,39.5,opponents,-15.151349491015509,-16.11894274640948,-520.4586040654623,0.06628449661211476
self_nearest_distance_lead,1,40.5,opponents,-5.790020587266085,-13.718273650205777,-526.2486246527284,0.06145947945605968
self_nearest_distance_lead,1,41.5,opponents,-6.431040195297015,-9.400296719216868,-532.6796648480254,0.05610027929331219
self_nearest_distance_lead,1,42.5,opponents,-7.501171721710335,-10.734061960450648,-540.1808365697357,0.0498493028585536
self_nearest_distance_lead,1,43.5,opponents,-11.711421460883829,-13.350256005532412,-551.8922580306195,0.040089784974483775
self_nearest_distance_lead,1,44.5,opponents,-1.7706883794466108,-14.610295241910132,-553.6629464100661,0.03861421132494494
self_nearest_distance_lead,1,45.5,opponents,-26.782741887535156,-16.246146251232755,-580.4456882976012,0.01629525975199897
self_nearest_distance_lead,1,46.5,opponents,-33.46470780658785,-18.43238988361336,-613.9103961041891,0.0
self_nearest_distance_lead,2,45.5,teammates,-28.44263069595124,-16.018550587107022,-28.44263069595124,0.47629780775337394
self_nearest_distance_lead,2,46.5,teammates,-18.88874963644298,-13.590987661563187,-47.33138033239422,0.46055718305633814
self_nearest_distance_lead,2,47.5,teammates,-11.087320002242336,-16.733789708388716,-58.418700334636554,0.4513177497211362
self_nearest_distance_lead,2,48.5,teammates,-5.6555020137915335,-13.106538467480503,-64.07420234842809,0.4466048313763099
self_nearest_distance_lead,2,49.5,teammates,-3.8807359593878488,-8.027924127465981,-67.95493830781594,0.4433708847434867
self_nearest_distance_lead,2,50.5,teammates,-32.447799942516355,-5.291838792383944,-100.40273825033229,0.41633105145805643
self_nearest_distance_lead,2,51.5,teammates,8.656968977968774,-4.7641832142079545,-91.74576927236352,0.4235451922730304
self_nearest_distance_lead,2,52.5,teammates,7.107669684150409,-4.297932093335494,-84.63809958821311,0.4294682503431558
self_nearest_distance_lead,2,53.5,teammates,0.2638477091312805,-5.470850189976671,-84.37425187908183,0.42968812343409846
self_nearest_distance_lead,2,54.5,teammates,-7.393730955010412,-2.9341898597018536,-91.76798283409224,0.42352668097158985
self_nearest_distance_lead,2,55.5,teammates,-2.3917441676843083,-4.867816419236732,-94.15972700177655,0.4215335608318529
self_nearest_distance_lead,2,56.5,teammates,-12.091162635876088,-6.3752348500183755,-106.25088963765263,0.4114575919686228
self_nearest_distance_lead,2,57.5,teammates,-14.691177630592628,-7.979049196568184,-120.94206726824527,0.3992149439431289
self_nearest_distance_lead,2,58.5,teammates,-4.8784169387753735,-10.375683904224033,-125.82048420702064,0.3951495964941495
self_nearest_distance_lead,2,59.5,teammates,-3.444259331321099,-15.207962758237539,-129.26474353834175,0.3922793803847152
self_nearest_distance_lead,2,60.5,teammates,-10.96285271671738,-13.564775383046278,-140.22759625505913,0.38314366978745074
self_nearest_distance_lead,2,61.5,teammates,-24.17017390860136,-13.452858819008327,-164.39777016366048,0.3630018581969496
self_nearest_distance_lead,2,62.5,teammates,-36.217696145778845,-16.912031573892374,-200.61546630943934,0.3328204447421339
self_nearest_distance_lead,2,63.5,teammates,-0.5888510095372688,-20.535128264074206,-201.20431731897662,0.3323297355675195
self_nearest_distance_lead,2,64.5,teammates,-13.90776168232696,-22.777797252451307,-215.11207900130358,0.32073993416558033
self_nearest_distance_lead,2,65.5,teammates,-29.092626222963705,-21.35575426724395,-244.2047052242673,0.29649607897977726
self_nearest_distance_lead,2,66.5,teammates,-28.80593616259391,-14.281345002591653,-273.0106413868612,0.27249113217761567
self_nearest_distance_lead,2,67.5,teammates,-26.661535635357097,-14.21815610774887,-299.6721770222183,0.25027318581481806
self_nearest_distance_lead,2,68.5,teammates,-14.21587301214987,-13.094108766873976,-313.8880500343682,0.23842662497135986
self_nearest_distance_lead,2,69.5,teammates,13.303168706787233,-15.477442426626444,-300.58488132758094,0.24951259889368255
self_nearest_distance_lead,2,70.5,teammates,-0.1465287456377808,-14.704701215743068,-300.73141007321874,0.24939049160565105
self_nearest_distance_lead,2,71.5,teammates,-6.039430296202703,-12.708812270813695,-306.7708403694214,0.24435763302548216
self_nearest_distance_lead,2,72.5,teammates,-45.77596184123098,-11.112920150366152,-352.5468022106524,0.20621099815778968
self_nearest_distance_lead,2,73.5,teammates,-23.39674768641028,-7.014887081808693,-375.94354989706267,0.18671370841911444
self_nearest_distance_lead,2,74.5,teammates,-12.690313020851477,-5.4558481276464414,-388.63386291791414,0.17613844756840488
self_nearest_distance_lead,2,75.5,teammates,-3.0446281690170736,-3.7618727819138806,-391.6784910869312,0.17360125742755733
self_nearest_distance_lead,2,76.5,teammates,41.98940018668945,4.757642383440013,-349.68909090024175,0.20859242424979854
self_nearest_distance_lead,2,77.5,teammates,10.766743933497963,6.474661083385613,-338.9223469667438,0.2175647108610468
self_nearest_distance_lead,2,78.5,teammates,5.81839712392523,7.80894391631796,-333.10394984281857,0.22241337513098453
self_nearest_distance_lead,2,79.5,teammates,13.860644316246272,8.352328011944387,-319.24330552657227,0.23396391206118977
self_nearest_distance_lead,2,80.5,teammates,-11.377616786791071,-0.5997824289304441,-330.62092231336334,0.22448256473886388
self_nearest_distance_lead,2,81.5,teammates,-3.350333190325045,-2.6231504799599716,-333.9712555036884,0.22169062041359303
self_nearest_distance_lead,2,82.5,teammates,0.7590605003679087,-2.8988526543455806,-333.21219500332046,0.2223231708305663
self_nearest_distance_lead,2,83.5,teammates,-20.675372899434365,-5.794504092475288,-353.8875679027548,0.20509369341437098
self_nearest_distance_lead,2,84.5,teammates,-3.39683242370873,-6.386525033580106,-357.2844003264636,0.202262999727947
self_nearest_distance_lead,2,85.5,teammates,3.8884819032259657,-6.14950996496829,-353.3959184232376,0.20550340131396866
self_nearest_distance_lead,2,86.5,teammates,-6.408915750661677,-6.820747383976761,-359.8048341738993,0.20016263818841726
self_nearest_distance_lead,2,87.5,teammates,-15.521763374524795,-3.4619993361952077,-375.32659754842405,0.1872278353763133
self_nearest_distance_lead,2,88.5,teammates,-1.691227710042341,-5.747738357613819,-377.01782525846636,0.18581847895127804
self_nearest_distance_lead,2,89.5,teammates,-3.93960143269139,-6.590172069777002,-380.95742669115776,0.18253547775736853
self_nearest_distance_lead,2,90.5,teammates,2.835863435036515,-2.8906210953730493,-378.12156325612125,0.18489869728656563
self_nearest_distance_lead,2,91.5,teammates,-19.397005573639007,-4.517214688439719,-397.5185688297603,0.16873452597519975
self_nearest_distance_lead,2,92.5,teammates,-2.008554081916316,-1.2450808619939733,-399.5271229116766,0.16706073090693616
self_nearest_distance_lead,2,93.5,teammates,19.487941070165988,-0.7959941002110705,-380.03918184151064,0.18330068179874112
self_nearest_distance_lead,2,94.5,teammates,-26.90791852599148,-1.5223656072605878,-406.9471003675021,0.16087741636041492
self_nearest_distance_lead,2,95.5,teammates,21.213709075077876,2.946294384334017,-385.73339129242424,0.17855550725631314
self_nearest_distance_lead,2,45.5,opponents,-27.02537795199672,-16.321947553105083,-27.02537795199672,0.4774788517066694
self_nearest_distance_lead,2,46.5,opponents,-10.97221616699042,-18.410250604492518,-37.99759411898714,0.46833533823417745
self_nearest_distance_lead,2,47.5,opponents,-24.383392429288136,-18.875130413827133,-62.380986548275274,0.44801584454310395
self_nearest_distance_lead,2,48.5,opponents,-2.906803664145059,-15.242525064572444,-65.28779021242033,0.44559350815631643
self_nearest_distance_lead,2,49.5,opponents,-26.763462810042256,-10.230926726333495,-92.05125302246259,0.4232906224812812
self_nearest_distance_lead,2,50.5,opponents,-21.1995294605002,-8.601226639517906,-113.25078248296279,0.4056243479308643
self_nearest_distance_lead,2,51.5,opponents,6.553107030955694,-3.9812141927685056,-106.6976754520071,0.41108527045666077
self_nearest_distance_lead,2,52.5,opponents,8.055810415675928,-3.237789386038822,-98.64186503633118,0.41779844580305736
self_nearest_distance_lead,2,53.5,opponents,0.4356844407186995,-5.216721246977455,-98.20618059561248,0.41816151617032293
self_nearest_distance_lead,2,54.5,opponents,7.956694697957651,-5.051264945656127,-90.24948589765484,0.42479209508528765
self_nearest_distance_lead,2,55.5,opponents,2.2971699829627283,-6.336177043200138,-87.95231591469211,0.42670640340442323
self_nearest_distance_lead,2,56.5,opponents,-40.61598583661269,-7.237854296533152,-128.5683017513048,0.3928597485405793
self_nearest_distance_lead,2,57.5,opponents,-20.0413353512509,-9.57869523264473,-148.6096371025557,0.3761586357478703
self_nearest_distance_lead,2,58.5,opponents,-2.4412776518523884,-12.021234472397913,-151.0509147544081,0.3741242377046599
self_nearest_distance_lead,2,59.5,opponents,1.744069642344833,-16.46137395635777,-149.30684511206326,0.3755776290732806
self_nearest_distance_lead,2,60.5,opponents,-15.950202112062344,-11.739496024363044,-165.2570472241256,0.36228579397989535
self_nearest_distance_lead,2,61.5,opponents,-9.141079980314627,-12.096873996653217,-174.39812720444024,0.35466822732963316
self_nearest_distance_lead,2,62.5,opponents,-28.78380640475628,-15.374046612748852,-203.18193360919653,0.3306817219923362
self_nearest_distance_lead,2,63.5,opponents,-7.562840312649595,-19.085978832670566,-210.74477392184613,0.32437935506512827
self_nearest_distance_lead,2,64.5,opponents,-22.54298115728211,-21.341259838355978,-233.28775507912823,0.30559353743405976
self_nearest_distance_lead,2,65.5,opponents,-25.38148596452183,-23.835960242598507,-258.66924104365006,0.2844422991302916
self_nearest_distance_lead,2,66.5,opponents,-24.23945589710715,-18.289268302119673,-282.9086969407572,0.264242752549369
self_nearest_distance_lead,2,67.5,opponents,-31.737169151860257,-16.57456573178834,-314.64586609261744,0.23779511158948546
self_nearest_distance_lead,2,68.5,opponents,-26.60398281001233,-12.805825424401679,-341.24984890262976,0.2156251259144752
self_nearest_distance_lead,2,69.5,opponents,10.04303717859554,-15.974249237901763,-331.2068117240342,0.22399432356330484
self_nearest_distance_lead,2,70.5,opponents,4.440077679669777,-16.468224830408975,-326.7667340443644,0.22769438829636302
self_nearest_distance_lead,2,71.5,opponents,3.838200994424497,-13.075647996100916,-322.9285330499399,0.23089288912505007
self_nearest_distance_lead,2,72.5,opponents,-47.56045265902242,-9.70551523631734,-370.48898570896233,0.19125917857586472
self_nearest_distance_lead,2,73.5,opponents,-27.697285044657647,-3.1746090466851817,-398.18627075361997,0.1681781077053167
self_nearest_distance_lead,2,74.5,opponents,-7.989131311703829,-4.065060997271405,-406.1754020653238,0.16152049827889683
self_nearest_distance_lead,2,75.5,opponents,-3.0130534915272875,-3.611623366182689,-409.18845555685107,0.15900962036929078
self_nearest_distance_lead,2,76.5,opponents,55.75938050602064,5.897005048541938,-353.4290750508304,0.20547577079097465
self_nearest_distance_lead,2,77.5,opponents,-1.7930859744337937,9.397756286010699,-355.2221610252642,0.2039815324789465
self_nearest_distance_lead,2,78.5,opponents,7.012264412045511,9.69034941019522,-348.2098966132187,0.2098250861556511
self_nearest_distance_lead,2,79.5,opponents,18.99994624404997,7.872054422536394,-329.2099503691687,0.2256583746923594
self_nearest_distance_lead,2,80.5,opponents,-3.192026382376333,-1.4513220040851265,-332.4019767515451,0.22299835270704577
self_nearest_distance_lead,2,81.5,opponents,-5.940979442412186,-3.6813116837116375,-338.34295619395726,0.2180475365050356
self_nearest_distance_lead,2,82.5,opponents,-15.741118405139062,-3.7030827434947833,-354.0840745990963,0.20492993783408642
self_nearest_distance_lead,2,83.5,opponents,-9.50425448032999,-8.2351916635482,-363.58832907942633,0.19700972576714473
self_nearest_distance_lead,2,84.5,opponents,-17.40301373181937,-11.196853980317979,-380.9913428112457,0.1825072143239619
self_nearest_distance_lead,2,85.5,opponents,6.859866993563486,-12.002416345037705,-374.13147581768226,0.18822377015193145
self_nearest_distance_lead,2,86.5,opponents,-12.724816196323944,-11.085243952706408,-386.8562920140062,0.17761975665499483
self_nearest_distance_lead,2,87.5,opponents,-23.923662599764786,-11.121649304225858,-410.779954613771,0.15768337115519085
self_nearest_distance_lead,2,88.5,opponents,-11.579915995450278,-8.532285965271702,-422.3598706092213,0.14803344115898226
self_nearest_distance_lead,2,89.5,opponents,-9.32091165881998,-11.783845338789162,-431.68078226804124,0.1402660147766323
self_nearest_distance_lead,2,90.5,opponents,-9.759091940966144,-11.324029700475588,-441.43987420900737,0.13213343815916054
self_nearest_distance_lead,2,91.5,opponents,0.722529640859733,-9.570378328505225,-440.7173445681476,0.13273554619321032
self_nearest_distance_lead,2,92.5,opponents,-15.90104862105872,-5.586683577337561,-456.61839318920636,0.11948467234232804
self_nearest_distance_lead,2,93.5,opponents,-9.50610672812894,-4.9643122304238245,-466.1244999173353,0.11156291673555392
self_nearest_distance_lead,2,94.5,opponents,-11.648102995972238,-4.00535628831536,-477.77260291330754,0.10185616423891039
self_nearest_distance_lead,2,95.5,opponents,16.305947262723365,-5.187327770609134,-461.4666556505842,0.11544445362451318
